{
  "Component-preload.js.map": 1717472877397,
  "test/integration/pages/RisksList.js": 1717399920053,
  "test/integration/pages/RisksObjectPage.js": 1717399920057,
  "test/integration/opaTests.qunit.js": 1717399920037,
  "test/integration/FirstJourney.js": 1717399920065,
  "test/testsuite.qunit.js": 1717399920033,
  "xs-app.json": 1717472863288,
  "manifest.json": 1717472268558,
  "Component.js": 1717399920017,
  "test/integration/FirstJourney-dbg.js": 1717399920065,
  "test/integration/FirstJourney.js.map": 1717472877188,
  "test/integration/pages/RisksObjectPage-dbg.js": 1717399920057,
  "test/integration/pages/RisksObjectPage.js.map": 1717472877187,
  "test/integration/opaTests.qunit-dbg.js": 1717399920037,
  "test/integration/opaTests.qunit.js.map": 1717472877182,
  "test/integration/pages/RisksList-dbg.js": 1717399920053,
  "test/integration/pages/RisksList.js.map": 1717472877184,
  "test/testsuite.qunit-dbg.js": 1717399920033,
  "test/testsuite.qunit.js.map": 1717472877185,
  "Component-dbg.js": 1717399920017,
  "Component.js.map": 1717472877187,
  "Component-preload.js": 1717472877397,
  "i18n/i18n.properties": 1717399949460,
  "test/integration/opaTests.qunit.html": 1717399920037,
  "test/testsuite.qunit.html": 1717399920033,
  "test/flpSandbox.html": 1717399920033,
  "index.html": 1717399920017
}